{"cameraMode":{"drawMode":0,"name":"Shaded","section":"Shading Mode"},"sceneLighting":true,"audioPlay":false,"sceneViewState":{"showFog":true,"showMaterialUpdate":true,"showSkybox":true,"showFlares":true,"showImageEffects":true,"showParticleSystems":true},"in2DMode":false,"pivot":{"x":786.4358520507813,"y":2.132111072540283,"z":305.1037902832031},"rotation":{"x":0.16987590491771699,"y":0.05792517587542534,"z":-0.009990131482481957,"w":0.9837254285812378},"size":4.563124656677246,"orthographic":false}