{"cameraMode":{"drawMode":0,"name":"Shaded","section":"Shading Mode"},"sceneLighting":false,"audioPlay":false,"sceneViewState":{"showFog":true,"showMaterialUpdate":true,"showSkybox":true,"showFlares":true,"showImageEffects":true,"showParticleSystems":true},"in2DMode":false,"pivot":{"x":0.3576471507549286,"y":0.5790354013442993,"z":1.025187611579895},"rotation":{"x":0.20012898743152619,"y":0.7926002144813538,"z":-0.342611163854599,"w":0.46298375725746157},"size":7.157372951507568,"orthographic":false}