{"cameraMode":{"drawMode":0,"name":"Shaded","section":"Shading Mode"},"sceneLighting":false,"audioPlay":false,"sceneViewState":{"showFog":true,"showMaterialUpdate":true,"showSkybox":true,"showFlares":true,"showImageEffects":true,"showParticleSystems":true},"in2DMode":false,"pivot":{"x":0.0,"y":0.025150001049041749,"z":-0.0010999999940395356},"rotation":{"x":0.09636805206537247,"y":-0.6470666527748108,"z":0.08295617252588272,"w":0.751772403717041},"size":1.0442867279052735,"orthographic":false}