{"cameraMode":{"drawMode":0,"name":"Shaded","section":"Shading Mode"},"sceneLighting":true,"audioPlay":false,"sceneViewState":{"showFog":true,"showMaterialUpdate":true,"showSkybox":true,"showFlares":true,"showImageEffects":true,"showParticleSystems":true},"in2DMode":false,"pivot":{"x":740.5372924804688,"y":6.598415374755859,"z":264.80511474609377},"rotation":{"x":0.23924995958805085,"y":0.7270968556404114,"z":-0.307844877243042,"w":0.5650851130485535},"size":44.85437774658203,"orthographic":false}